{"a new one":["|Transform|","|Position|","|x|","1679116569.704","0","|y|","|z|","|Basis|","|xx|","1","|xy|","|xz|","|yx|","|yy|","|yz|","|zx|","|zy|","|zz|","|Material|","|Color|","|r|","0.329412","|g|","0.517647","|b|","0.6","|a|","0.533333"],"love u":["|Transform|","|Position|","|x|","1679116569.704","0","|y|","|z|","|Basis|","|xx|","1","|xy|","|xz|","|yx|","|yy|","|yz|","|zx|","|zy|","|zz|","|Material|","|Color|","|r|","0.329412","|g|","0.517647","|b|","0.6","|a|","0.533333"],"<3":["|Transform|","|Position|","|x|","1679116569.704","0","|y|","|z|","|Basis|","|xx|","1","|xy|","|xz|","|yx|","|yy|","|yz|","|zx|","|zy|","|zz|","|Material|","|Color|","|r|","0.329412","|g|","0.517647","|b|","0.6","|a|","0.533333"],"|Timestamp|":[1679116569.704],"|Godot|":["|Thought|","|Text|","a new one","love u","<3"],"|Thought|":["|Text|","a new one","love u","<3"],"|Text|":["a new one","love u","<3"],"|Transform|":["|Position|","|x|",1679116569.704,"0","|y|","1679116569.704","|z|","|Basis|","|xx|","1","|xy|","|xz|","|yx|","|yy|","|yz|","|zx|","|zy|","|zz|"],"|Position|":["|x|",1679116569.704,"0","|y|","1679116569.704","|z|"],"|x|":[1679116569.704,"0","1679116569.704"],"1679116569.704":["0.6"],"0":[],"|y|":[1679116569.704,"0","1679116569.704"],"|z|":[1679116569.704,"0","1679116569.704"],"|Basis|":["|xx|",1679116569.704,"1","|xy|","1679116569.704","0","|xz|","|yx|","|yy|","|yz|","|zx|","|zy|","|zz|"],"|xx|":[1679116569.704,"1","1679116569.704"],"1":[],"|xy|":[1679116569.704,"0","1679116569.704"],"|xz|":[1679116569.704,"0","1679116569.704"],"|yx|":[1679116569.704,"0","1679116569.704"],"|yy|":[1679116569.704,"1","1679116569.704"],"|yz|":[1679116569.704,"0","1679116569.704"],"|zx|":[1679116569.704,"0","1679116569.704"],"|zy|":[1679116569.704,"0","1679116569.704"],"|zz|":[1679116569.704,"1","1679116569.704"],"|Material|":["|Color|","|r|",1679116569.704,"0.329412","|g|","1679116569.704","0.517647","|b|","0.6","|a|","0.533333"],"|Color|":["|r|",1679116569.704,"0.329412","|g|","1679116569.704","0.517647","|b|","0.6","|a|","0.533333"],"|r|":[1679116569.704,"0.329412","1679116569.704"],"0.329412":[],"|g|":[1679116569.704,"0.517647","1679116569.704"],"0.517647":[],"|b|":[1679116569.704,"0.6","1679116569.704"],"0.6":[],"|a|":[1679116569.704,"0.533333","1679116569.704"],"0.533333":[],"1679116569.704":["0.533333"]}